Label,Language,Baseline,Diff_OS,Diff_Compiler,Diff_Arch
linux_rs-pure_arm64,rust,1.0,0.944357,0.979589,0.717172
linux_rs-sys_amd64,rust,1.0,0.756621,0.981221,0.714972
darwin_clang_arm64,c,1.0,0.802556,0.918869,0.878417
darwin_rs-pure_arm64,rust,1.0,0.944357,0.981632,0.893118
linux_tgo_arm64,go,1.0,0.659455,0.203317,0.774861
windows_go_arm64,go,1.0,0.685280,0.518063,0.590841
darwin_rs-pure_amd64,rust,1.0,0.758673,0.980960,0.893118
linux_gcc_amd64,c,1.0,0.664141,0.768428,0.788104
linux_go_amd64,go,1.0,0.838918,0.517563,0.875436
linux_tgo_amd64,go,1.0,0.686090,0.177373,0.774861
windows_rs-pure_amd64,rust,1.0,0.548390,0.984585,0.847467
windows_rs-sys_amd64,rust,1.0,0.547405,0.984585,0.845371
windows_clang_arm64,c,1.0,0.026440,0.518063,0.740723
darwin_clang_amd64,c,1.0,0.837687,1.000000,0.878417
darwin_rs-sys_arm64,rust,1.0,0.945076,0.981632,0.893801
linux_go_arm64,go,1.0,0.848550,0.553368,0.875436
windows_rs-pure_arm64,rust,1.0,0.578930,0.981415,0.847467
darwin_go_amd64,go,1.0,0.838918,0.523398,0.830421
windows_clang_amd64,c,1.0,0.029048,0.575872,0.740723
darwin_go_arm64,go,1.0,0.848550,0.542055,0.830421
darwin_tgo_arm64,go,1.0,0.659455,0.154370,0.823593
linux_clang_arm64,c,1.0,0.802556,0.706140,0.861303
windows_rs-sys_arm64,rust,1.0,0.579019,0.981415,0.845371
darwin_gcc_amd64,c,1.0,0.664141,1.000000,0.848362
darwin_rs-sys_amd64,rust,1.0,0.756621,0.980960,0.893801
linux_rs-pure_amd64,rust,1.0,0.758673,0.981221,0.717172
windows_go_amd64,go,1.0,0.805105,0.575872,0.590841
linux_clang_amd64,c,1.0,0.837687,0.768428,0.861303
linux_gcc_arm64,c,1.0,0.561502,0.706140,0.788104
darwin_gcc_arm64,c,1.0,0.561502,0.918869,0.848362
linux_rs-sys_arm64,rust,1.0,0.945076,0.979589,0.714972
darwin_tgo_amd64,go,1.0,0.686090,0.150512,0.823593
